{"S": 0.99999628333,"I": 0.00000033333, "D": 0.00000003333, "A": 0.00000000167, "R": 0.00000000333, "T": 0, "H": 0, "E": 0}